<!--
* Copyright (C) 2012, Freescale Semiconductor, Inc. All Rights Reserved.
* The CFG element contains a list of recognized usb devices.
*  DEV elements provide a name, class, vid and pid for each device.
*
* Each LIST element contains a list of update instructions.
*  "Install" - Erase media and install firmware.
*  "Update" - Update firmware only.
*
* Each CMD element contains one update instruction of attribute type.
*  "pull" - Does UtpRead(body, file) transaction.
*  "push" - Does UtpWrite(body, file) transaction.
*  "drop" - Does UtpCommand(body) then waits for device to disconnect.
*  "boot" - Finds configured device, forces it to "body" device and downloads "file".
*  "find" - Waits for "timeout" seconds for the "body" device to connect.
*  "show" - Parse and show device info in "file".  
-->

<UCL>
  <CFG>
    <STATE name="BootStrap" dev="MX6UL" vid="15A2" pid="007D"/>
    <STATE name="Updater"   dev="MSC" vid="066F" pid="37FF"/>
  </CFG>

  <LIST name="SDCard" desc="Choose SD Card as media">
	<CMD state="BootStrap" type="boot" body="BootStrap" file ="firmware/u-boot-imx6ul%6uluboot%_sd.imx" ifdev="MX6UL">Loading U-boot</CMD>
	
	<CMD state="BootStrap" type="load" file="firmware/zImage" address="0x80800000"
		loadSection="OTH" setSection="OTH" HasFlashHeader="FALSE" ifdev="MX6UL">Loading Kernel.</CMD>

	<CMD state="BootStrap" type="load" file="firmware/%initramfs%" address="0x83800000"
		loadSection="OTH" setSection="OTH" HasFlashHeader="FALSE" ifdev="MX6UL">Loading Initramfs.</CMD>
	
	<CMD state="BootStrap" type="load" file="firmware/zImage-imx6ul-%6uldtb%%ldo%.dtb" address="0x83000000"
		loadSection="OTH" setSection="OTH" HasFlashHeader="FALSE" ifdev="MX6UL">Loading device tree.</CMD>

	<CMD state="BootStrap" type="jump" > Jumping to OS image. </CMD>
	
	<CMD state="Updater" type="push" body="send" file="files/image.sdcard">Sending your image</CMD>
	<CMD state="Updater" type="push" body="$ dd if=$FILE of=/dev/mmcblk%mmc%">Writing your image to the SD card</CMD>
	<CMD state="Updater" type="push" body="$ echo Update Complete!">Done. Click on stop and reboot</CMD>
	 
  </LIST>
  <LIST name="eMMC" desc="Choose eMMC as media">
	<CMD state="BootStrap" type="boot" body="BootStrap" file ="firmware/u-boot-imx6ul%6uluboot%_emmc.imx" ifdev="MX6UL">Loading U-boot</CMD>
		
	<CMD state="BootStrap" type="load" file="firmware/zImage" address="0x80800000"
		loadSection="OTH" setSection="OTH" HasFlashHeader="FALSE" ifdev="MX6UL">Loading Kernel.</CMD>

	<CMD state="BootStrap" type="load" file="firmware/%initramfs%" address="0x83800000"
		loadSection="OTH" setSection="OTH" HasFlashHeader="FALSE" ifdev="MX6UL">Loading Initramfs.</CMD>

	<CMD state="BootStrap" type="load" file="firmware/zImage-imx6ul-%6uldtb%-emmc.dtb" address="0x83000000"
		loadSection="OTH" setSection="OTH" HasFlashHeader="FALSE" ifdev="MX6UL">Loading device tree.</CMD>

	<CMD state="BootStrap" type="jump" > Jumping to OS image. </CMD>

	<!-- create partition -->
	<CMD state="Updater" type="push" body="send" file="mksdcard.sh.tar">Sending partition shell</CMD>
	<CMD state="Updater" type="push" body="$ tar xf $FILE "> Partitioning...</CMD>
	<CMD state="Updater" type="push" body="$ sh mksdcard.sh /dev/mmcblk%mmc%"> Partitioning...</CMD>

	<!-- burn uboot -->
	<CMD state="Updater" type="push" body="$ dd if=/dev/zero of=/dev/mmcblk%mmc% bs=1k seek=384 conv=fsync count=129">clear u-boot arg</CMD>
	<!-- access boot partition -->
	<CMD state="Updater" type="push" body="$ echo 0 > /sys/block/mmcblk%mmc%boot0/force_ro">access boot partition 1</CMD>
	<CMD state="Updater" type="push" body="send" file="files/u-boot-imx6ul%6uluboot%_emmc.imx" ifdev="MX6UL">Sending u-boot.bin</CMD>
	<CMD state="Updater" type="push" body="$ dd if=$FILE of=/dev/mmcblk%mmc%boot0 bs=512 seek=2">write U-Boot to sd card</CMD>
	<CMD state="Updater" type="push" body="$ echo 1 > /sys/block/mmcblk%mmc%boot0/force_ro"> re-enable read-only access </CMD>
	<CMD state="Updater" type="push" body="$ mmc bootpart enable 1 1 /dev/mmcblk%mmc%">enable boot partion 1 to boot</CMD>

	<!-- create fat partition -->
	<CMD state="Updater" type="push" body="$ mkfs.vfat /dev/mmcblk%mmc%p1">Formatting rootfs partition</CMD>
	<CMD state="Updater" type="push" body="$ mkdir -p /mnt/mmcblk%mmc%p1"/>
	<CMD state="Updater" type="push" body="$ mount -t vfat /dev/mmcblk%mmc%p1 /mnt/mmcblk%mmc%p1"/>

	<!-- burn zImage -->
	<CMD state="Updater" type="push" body="send" file="files/zImage">Sending kernel zImage</CMD>
	<CMD state="Updater" type="push" body="$ cp $FILE /mnt/mmcblk%mmc%p1/zImage">write kernel image to sd card</CMD>

	<!-- burn dtb -->
	<CMD state="Updater" type="push" body="send" file="files/zImage-imx6ul-%6uldtb%-emmc.dtb" ifdev="MX6UL">Sending Device Tree file</CMD>

	<CMD state="Updater" type="push" body="$ cp $FILE /mnt/mmcblk%mmc%p1/imx6ul-%6uldtb%.dtb" ifdef="MX6UL">write device tree to sd card</CMD>

	<CMD state="Updater" type="push" body="$ umount /mnt/mmcblk%mmc%p1">Unmounting vfat partition</CMD>

	<!-- burn rootfs -->
	<CMD state="Updater" type="push" body="$ mkfs.ext3 -E nodiscard /dev/mmcblk%mmc%p2">Formatting rootfs partition</CMD>
	<CMD state="Updater" type="push" body="$ mkdir -p /mnt/mmcblk%mmc%p2"/>
	<CMD state="Updater" type="push" body="$ mount -t ext3 /dev/mmcblk%mmc%p2 /mnt/mmcblk%mmc%p2"/>
	<CMD state="Updater" type="push" body="pipe tar -jxv -C /mnt/mmcblk%mmc%p2" file="files/rootfs.tar.bz2" ifdev="MX6UL">Sending and writting rootfs</CMD>
	<CMD state="Updater" type="push" body="frf">Finishing rootfs write</CMD>
	<CMD state="Updater" type="push" body="$ umount /mnt/mmcblk%mmc%p2">Unmounting rootfs partition</CMD>
	<CMD state="Updater" type="push" body="$ echo Update Complete!">Done</CMD>
  </LIST>
</UCL>
